-- phpMyAdmin SQL Dump
-- version 5.2.1
-- https://www.phpmyadmin.net/
--
-- Host: 127.0.0.1:3307
-- Generation Time: Oct 13, 2024 at 10:49 AM
-- Server version: 10.4.32-MariaDB
-- PHP Version: 8.2.12

SET SQL_MODE = "NO_AUTO_VALUE_ON_ZERO";
START TRANSACTION;
SET time_zone = "+00:00";


/*!40101 SET @OLD_CHARACTER_SET_CLIENT=@@CHARACTER_SET_CLIENT */;
/*!40101 SET @OLD_CHARACTER_SET_RESULTS=@@CHARACTER_SET_RESULTS */;
/*!40101 SET @OLD_COLLATION_CONNECTION=@@COLLATION_CONNECTION */;
/*!40101 SET NAMES utf8mb4 */;

--
-- Database: `signup_db`
--

-- --------------------------------------------------------

--
-- Table structure for table `artists`
--

CREATE TABLE `artists` (
  `id` int(11) NOT NULL,
  `name` varchar(100) NOT NULL,
  `image_path` varchar(100) NOT NULL,
  `genre` varchar(50) NOT NULL
) ENGINE=InnoDB DEFAULT CHARSET=utf8mb4 COLLATE=utf8mb4_general_ci;

--
-- Dumping data for table `artists`
--

INSERT INTO `artists` (`id`, `name`, `image_path`, `genre`) VALUES
(1, 'arijit singh', 'uploads2/artists/arjit_singh.jpeg', 'melody'),
(2, 'ar rahman', 'uploads2/artists/ar_rahmanjpeg.jpeg', 'melody'),
(3, 'krithy', 'uploads2/artists/krithy.jpg', 'melody'),
(4, 'shreya', 'uploads2/artists/shreya.jpeg', 'melody');

-- --------------------------------------------------------

--
-- Table structure for table `playlists`
--

CREATE TABLE `playlists` (
  `id` int(11) NOT NULL,
  `user_id` int(11) NOT NULL,
  `name` varchar(100) NOT NULL,
  `created_at` timestamp NOT NULL DEFAULT current_timestamp()
) ENGINE=InnoDB DEFAULT CHARSET=utf8mb4 COLLATE=utf8mb4_general_ci;

--
-- Dumping data for table `playlists`
--

INSERT INTO `playlists` (`id`, `user_id`, `name`, `created_at`) VALUES
(2, 1, 'myfav_melody', '2024-10-12 17:33:05'),
(3, 1, 'arm_fav', '2024-10-12 17:37:10'),
(4, 1, 'fav2', '2024-10-13 07:33:47');

-- --------------------------------------------------------

--
-- Table structure for table `playlist_songs`
--

CREATE TABLE `playlist_songs` (
  `playlist_id` int(11) NOT NULL,
  `song_id` int(11) NOT NULL
) ENGINE=InnoDB DEFAULT CHARSET=utf8mb4 COLLATE=utf8mb4_general_ci;

--
-- Dumping data for table `playlist_songs`
--

INSERT INTO `playlist_songs` (`playlist_id`, `song_id`) VALUES
(2, 2),
(3, 2),
(3, 3),
(4, 3),
(4, 4);

-- --------------------------------------------------------

--
-- Table structure for table `songs`
--

CREATE TABLE `songs` (
  `id` int(11) NOT NULL,
  `artist_id` int(11) NOT NULL,
  `title` varchar(100) NOT NULL,
  `genre` varchar(50) DEFAULT NULL,
  `file_path` varchar(255) NOT NULL
) ENGINE=InnoDB DEFAULT CHARSET=utf8mb4 COLLATE=utf8mb4_general_ci;

--
-- Dumping data for table `songs`
--

INSERT INTO `songs` (`id`, `artist_id`, `title`, `genre`, `file_path`) VALUES
(1, 1, 'mashup', 'melody', 'uploads/songs/arjit.mp3'),
(2, 2, 'arm_kiliye', 'melody', 'uploads/songs/arm_kiliye.mp3'),
(3, 3, 'arm_anguvana', 'melody', 'uploads/songs/Angu_Vaana_Konilu.mp3'),
(4, 4, 'aaru_paranju', 'melody', 'uploads/songs/Aaru_paraju.mp3'),
(5, 1, 'Ae dil he', 'romatic', 'uploads/songs/Ae_dil.mp3');

-- --------------------------------------------------------

--
-- Table structure for table `users`
--

CREATE TABLE `users` (
  `id` int(10) NOT NULL,
  `firstname` varchar(50) NOT NULL,
  `lastname` varchar(50) NOT NULL,
  `email` varchar(50) NOT NULL,
  `password` varchar(50) NOT NULL
) ENGINE=InnoDB DEFAULT CHARSET=utf8mb4 COLLATE=utf8mb4_general_ci;

--
-- Dumping data for table `users`
--

INSERT INTO `users` (`id`, `firstname`, `lastname`, `email`, `password`) VALUES
(1, 'jerin', 'tv', 'adwaithkomath82@gmail.com', '827ccb0eea8a706c4c34a16891f84e7b'),
(2, 'agnay', 'k', 'adwaithkomath62@gmail.com', '827ccb0eea8a706c4c34a16891f84e7b');

--
-- Indexes for dumped tables
--

--
-- Indexes for table `artists`
--
ALTER TABLE `artists`
  ADD PRIMARY KEY (`id`);

--
-- Indexes for table `playlists`
--
ALTER TABLE `playlists`
  ADD PRIMARY KEY (`id`),
  ADD KEY `user_id` (`user_id`);

--
-- Indexes for table `playlist_songs`
--
ALTER TABLE `playlist_songs`
  ADD KEY `playlist_id` (`playlist_id`),
  ADD KEY `song_id` (`song_id`);

--
-- Indexes for table `songs`
--
ALTER TABLE `songs`
  ADD PRIMARY KEY (`id`),
  ADD KEY `artist_id` (`artist_id`);

--
-- Indexes for table `users`
--
ALTER TABLE `users`
  ADD PRIMARY KEY (`id`);

--
-- AUTO_INCREMENT for dumped tables
--

--
-- AUTO_INCREMENT for table `artists`
--
ALTER TABLE `artists`
  MODIFY `id` int(11) NOT NULL AUTO_INCREMENT, AUTO_INCREMENT=5;

--
-- AUTO_INCREMENT for table `playlists`
--
ALTER TABLE `playlists`
  MODIFY `id` int(11) NOT NULL AUTO_INCREMENT, AUTO_INCREMENT=5;

--
-- AUTO_INCREMENT for table `songs`
--
ALTER TABLE `songs`
  MODIFY `id` int(11) NOT NULL AUTO_INCREMENT, AUTO_INCREMENT=6;

--
-- AUTO_INCREMENT for table `users`
--
ALTER TABLE `users`
  MODIFY `id` int(10) NOT NULL AUTO_INCREMENT, AUTO_INCREMENT=3;

--
-- Constraints for dumped tables
--

--
-- Constraints for table `playlists`
--
ALTER TABLE `playlists`
  ADD CONSTRAINT `playlists_ibfk_1` FOREIGN KEY (`user_id`) REFERENCES `users` (`id`) ON DELETE CASCADE ON UPDATE CASCADE;

--
-- Constraints for table `playlist_songs`
--
ALTER TABLE `playlist_songs`
  ADD CONSTRAINT `playlist_songs_ibfk_1` FOREIGN KEY (`playlist_id`) REFERENCES `playlists` (`id`) ON DELETE CASCADE ON UPDATE CASCADE,
  ADD CONSTRAINT `playlist_songs_ibfk_2` FOREIGN KEY (`song_id`) REFERENCES `songs` (`id`) ON DELETE CASCADE ON UPDATE CASCADE;

--
-- Constraints for table `songs`
--
ALTER TABLE `songs`
  ADD CONSTRAINT `songs_ibfk_1` FOREIGN KEY (`artist_id`) REFERENCES `artists` (`id`) ON DELETE CASCADE ON UPDATE CASCADE;
COMMIT;

/*!40101 SET CHARACTER_SET_CLIENT=@OLD_CHARACTER_SET_CLIENT */;
/*!40101 SET CHARACTER_SET_RESULTS=@OLD_CHARACTER_SET_RESULTS */;
/*!40101 SET COLLATION_CONNECTION=@OLD_COLLATION_CONNECTION */;
